"CCAA","sexo","educacion","TIC","titulados"
"Total nacional","Ambos sexos","Total","Total",113910
"Total nacional","Ambos sexos","Total","Usuario experto",24717
"Total nacional","Ambos sexos","Total","Usuario de nivel avanzado",69004
"Total nacional","Ambos sexos","Total","Usuario de nivel básico",19514
"Total nacional","Ambos sexos","Total","No usuario de las TIC",198
"Total nacional","Ambos sexos","Total","No consta",476
"Total nacional","Ambos sexos","Centro Público","Total",85143
"Total nacional","Ambos sexos","Centro Público","Usuario experto",18423
"Total nacional","Ambos sexos","Centro Público","Usuario de nivel avanzado",52229
"Total nacional","Ambos sexos","Centro Público","Usuario de nivel básico",13993
"Total nacional","Ambos sexos","Centro Público","No usuario de las TIC",79
"Total nacional","Ambos sexos","Centro Público","No consta",419
"Total nacional","Ambos sexos","Centro Privado","Total",28767
"Total nacional","Ambos sexos","Centro Privado","Usuario experto",6294
"Total nacional","Ambos sexos","Centro Privado","Usuario de nivel avanzado",16775
"Total nacional","Ambos sexos","Centro Privado","Usuario de nivel básico",5521
"Total nacional","Ambos sexos","Centro Privado","No usuario de las TIC",120
"Total nacional","Ambos sexos","Centro Privado","No consta",57
"Total nacional","Hombres","Total","Total",55473
"Total nacional","Hombres","Total","Usuario experto",17900
"Total nacional","Hombres","Total","Usuario de nivel avanzado",29318
"Total nacional","Hombres","Total","Usuario de nivel básico",7666
"Total nacional","Hombres","Total","No usuario de las TIC",193
"Total nacional","Hombres","Total","No consta",396
"Total nacional","Hombres","Centro Público","Total",41740
"Total nacional","Hombres","Centro Público","Usuario experto",13360
"Total nacional","Hombres","Centro Público","Usuario de nivel avanzado",22068
"Total nacional","Hombres","Centro Público","Usuario de nivel básico",5888
"Total nacional","Hombres","Centro Público","No usuario de las TIC",74
"Total nacional","Hombres","Centro Público","No consta",350
"Total nacional","Hombres","Centro Privado","Total",13733
"Total nacional","Hombres","Centro Privado","Usuario experto",4541
"Total nacional","Hombres","Centro Privado","Usuario de nivel avanzado",7250
"Total nacional","Hombres","Centro Privado","Usuario de nivel básico",1778
"Total nacional","Hombres","Centro Privado","No usuario de las TIC",120
"Total nacional","Hombres","Centro Privado","No consta",46
"Total nacional","Mujeres","Total","Total",58437
"Total nacional","Mujeres","Total","Usuario experto",6817
"Total nacional","Mujeres","Total","Usuario de nivel avanzado",39687
"Total nacional","Mujeres","Total","Usuario de nivel básico",11848
"Total nacional","Mujeres","Total","No usuario de las TIC",5
"Total nacional","Mujeres","Total","No consta",80
"Total nacional","Mujeres","Centro Público","Total",43403
"Total nacional","Mujeres","Centro Público","Usuario experto",5063
"Total nacional","Mujeres","Centro Público","Usuario de nivel avanzado",30161
"Total nacional","Mujeres","Centro Público","Usuario de nivel básico",8105
"Total nacional","Mujeres","Centro Público","No usuario de las TIC",5
"Total nacional","Mujeres","Centro Público","No consta",69
"Total nacional","Mujeres","Centro Privado","Total",15034
"Total nacional","Mujeres","Centro Privado","Usuario experto",1754
"Total nacional","Mujeres","Centro Privado","Usuario de nivel avanzado",9525
"Total nacional","Mujeres","Centro Privado","Usuario de nivel básico",3743
"Total nacional","Mujeres","Centro Privado","No usuario de las TIC",0
"Total nacional","Mujeres","Centro Privado","No consta",11
"Andalucía","Ambos sexos","Total","Total",19150
"Andalucía","Ambos sexos","Total","Usuario experto",4357
"Andalucía","Ambos sexos","Total","Usuario de nivel avanzado",11188
"Andalucía","Ambos sexos","Total","Usuario de nivel básico",3549
"Andalucía","Ambos sexos","Total","No usuario de las TIC",23
"Andalucía","Ambos sexos","Total","No consta",32
"Andalucía","Ambos sexos","Centro Público","Total",14229
"Andalucía","Ambos sexos","Centro Público","Usuario experto",3572
"Andalucía","Ambos sexos","Centro Público","Usuario de nivel avanzado",8545
"Andalucía","Ambos sexos","Centro Público","Usuario de nivel básico",2077
"Andalucía","Ambos sexos","Centro Público","No usuario de las TIC",14
"Andalucía","Ambos sexos","Centro Público","No consta",20
"Andalucía","Ambos sexos","Centro Privado","Total",4921
"Andalucía","Ambos sexos","Centro Privado","Usuario experto",784
"Andalucía","Ambos sexos","Centro Privado","Usuario de nivel avanzado",2643
"Andalucía","Ambos sexos","Centro Privado","Usuario de nivel básico",1472
"Andalucía","Ambos sexos","Centro Privado","No usuario de las TIC",9
"Andalucía","Ambos sexos","Centro Privado","No consta",13
"Andalucía","Hombres","Total","Total",8817
"Andalucía","Hombres","Total","Usuario experto",3169
"Andalucía","Hombres","Total","Usuario de nivel avanzado",4610
"Andalucía","Hombres","Total","Usuario de nivel básico",993
"Andalucía","Hombres","Total","No usuario de las TIC",23
"Andalucía","Hombres","Total","No consta",22
"Andalucía","Hombres","Centro Público","Total",6740
"Andalucía","Hombres","Centro Público","Usuario experto",2509
"Andalucía","Hombres","Centro Público","Usuario de nivel avanzado",3551
"Andalucía","Hombres","Centro Público","Usuario de nivel básico",656
"Andalucía","Hombres","Centro Público","No usuario de las TIC",14
"Andalucía","Hombres","Centro Público","No consta",9
"Andalucía","Hombres","Centro Privado","Total",2077
"Andalucía","Hombres","Centro Privado","Usuario experto",660
"Andalucía","Hombres","Centro Privado","Usuario de nivel avanzado",1059
"Andalucía","Hombres","Centro Privado","Usuario de nivel básico",337
"Andalucía","Hombres","Centro Privado","No usuario de las TIC",9
"Andalucía","Hombres","Centro Privado","No consta",13
"Andalucía","Mujeres","Total","Total",10333
"Andalucía","Mujeres","Total","Usuario experto",1188
"Andalucía","Mujeres","Total","Usuario de nivel avanzado",6578
"Andalucía","Mujeres","Total","Usuario de nivel básico",2556
"Andalucía","Mujeres","Total","No usuario de las TIC",0
"Andalucía","Mujeres","Total","No consta",11
"Andalucía","Mujeres","Centro Público","Total",7489
"Andalucía","Mujeres","Centro Público","Usuario experto",1063
"Andalucía","Mujeres","Centro Público","Usuario de nivel avanzado",4994
"Andalucía","Mujeres","Centro Público","Usuario de nivel básico",1421
"Andalucía","Mujeres","Centro Público","No usuario de las TIC",0
"Andalucía","Mujeres","Centro Público","No consta",11
"Andalucía","Mujeres","Centro Privado","Total",2844
"Andalucía","Mujeres","Centro Privado","Usuario experto",125
"Andalucía","Mujeres","Centro Privado","Usuario de nivel avanzado",1584
"Andalucía","Mujeres","Centro Privado","Usuario de nivel básico",1135
"Andalucía","Mujeres","Centro Privado","No usuario de las TIC",0
"Andalucía","Mujeres","Centro Privado","No consta",0
"Aragón","Ambos sexos","Total","Total",2502
"Aragón","Ambos sexos","Total","Usuario experto",555
"Aragón","Ambos sexos","Total","Usuario de nivel avanzado",1462
"Aragón","Ambos sexos","Total","Usuario de nivel básico",459
"Aragón","Ambos sexos","Total","No usuario de las TIC",0
"Aragón","Ambos sexos","Total","No consta",26
"Aragón","Ambos sexos","Centro Público","Total",1868
"Aragón","Ambos sexos","Centro Público","Usuario experto",365
"Aragón","Ambos sexos","Centro Público","Usuario de nivel avanzado",1094
"Aragón","Ambos sexos","Centro Público","Usuario de nivel básico",383
"Aragón","Ambos sexos","Centro Público","No usuario de las TIC",0
"Aragón","Ambos sexos","Centro Público","No consta",26
"Aragón","Ambos sexos","Centro Privado","Total",634
"Aragón","Ambos sexos","Centro Privado","Usuario experto",190
"Aragón","Ambos sexos","Centro Privado","Usuario de nivel avanzado",368
"Aragón","Ambos sexos","Centro Privado","Usuario de nivel básico",76
"Aragón","Ambos sexos","Centro Privado","No usuario de las TIC",0
"Aragón","Ambos sexos","Centro Privado","No consta",0
"Aragón","Hombres","Total","Total",1454
"Aragón","Hombres","Total","Usuario experto",464
"Aragón","Hombres","Total","Usuario de nivel avanzado",753
"Aragón","Hombres","Total","Usuario de nivel básico",220
"Aragón","Hombres","Total","No usuario de las TIC",0
"Aragón","Hombres","Total","No consta",18
"Aragón","Hombres","Centro Público","Total",1036
"Aragón","Hombres","Centro Público","Usuario experto",314
"Aragón","Hombres","Centro Público","Usuario de nivel avanzado",541
"Aragón","Hombres","Centro Público","Usuario de nivel básico",164
"Aragón","Hombres","Centro Público","No usuario de las TIC",0
"Aragón","Hombres","Centro Público","No consta",18
"Aragón","Hombres","Centro Privado","Total",418
"Aragón","Hombres","Centro Privado","Usuario experto",150
"Aragón","Hombres","Centro Privado","Usuario de nivel avanzado",212
"Aragón","Hombres","Centro Privado","Usuario de nivel básico",56
"Aragón","Hombres","Centro Privado","No usuario de las TIC",0
"Aragón","Hombres","Centro Privado","No consta",0
"Aragón","Mujeres","Total","Total",1048
"Aragón","Mujeres","Total","Usuario experto",91
"Aragón","Mujeres","Total","Usuario de nivel avanzado",709
"Aragón","Mujeres","Total","Usuario de nivel básico",239
"Aragón","Mujeres","Total","No usuario de las TIC",0
"Aragón","Mujeres","Total","No consta",8
"Aragón","Mujeres","Centro Público","Total",832
"Aragón","Mujeres","Centro Público","Usuario experto",52
"Aragón","Mujeres","Centro Público","Usuario de nivel avanzado",553
"Aragón","Mujeres","Centro Público","Usuario de nivel básico",219
"Aragón","Mujeres","Centro Público","No usuario de las TIC",0
"Aragón","Mujeres","Centro Público","No consta",8
"Aragón","Mujeres","Centro Privado","Total",216
"Aragón","Mujeres","Centro Privado","Usuario experto",40
"Aragón","Mujeres","Centro Privado","Usuario de nivel avanzado",156
"Aragón","Mujeres","Centro Privado","Usuario de nivel básico",20
"Aragón","Mujeres","Centro Privado","No usuario de las TIC",0
"Aragón","Mujeres","Centro Privado","No consta",0
"Asturias, Principado de","Ambos sexos","Total","Total",2783
"Asturias, Principado de","Ambos sexos","Total","Usuario experto",731
"Asturias, Principado de","Ambos sexos","Total","Usuario de nivel avanzado",1444
"Asturias, Principado de","Ambos sexos","Total","Usuario de nivel básico",559
"Asturias, Principado de","Ambos sexos","Total","No usuario de las TIC",0
"Asturias, Principado de","Ambos sexos","Total","No consta",49
"Asturias, Principado de","Ambos sexos","Centro Público","Total",2251
"Asturias, Principado de","Ambos sexos","Centro Público","Usuario experto",666
"Asturias, Principado de","Ambos sexos","Centro Público","Usuario de nivel avanzado",1139
"Asturias, Principado de","Ambos sexos","Centro Público","Usuario de nivel básico",397
"Asturias, Principado de","Ambos sexos","Centro Público","No usuario de las TIC",0
"Asturias, Principado de","Ambos sexos","Centro Público","No consta",49
"Asturias, Principado de","Ambos sexos","Centro Privado","Total",532
"Asturias, Principado de","Ambos sexos","Centro Privado","Usuario experto",65
"Asturias, Principado de","Ambos sexos","Centro Privado","Usuario de nivel avanzado",305
"Asturias, Principado de","Ambos sexos","Centro Privado","Usuario de nivel básico",162
"Asturias, Principado de","Ambos sexos","Centro Privado","No usuario de las TIC",0
"Asturias, Principado de","Ambos sexos","Centro Privado","No consta",0
"Asturias, Principado de","Hombres","Total","Total",1385
"Asturias, Principado de","Hombres","Total","Usuario experto",413
"Asturias, Principado de","Hombres","Total","Usuario de nivel avanzado",627
"Asturias, Principado de","Hombres","Total","Usuario de nivel básico",296
"Asturias, Principado de","Hombres","Total","No usuario de las TIC",0
"Asturias, Principado de","Hombres","Total","No consta",49
"Asturias, Principado de","Hombres","Centro Público","Total",1160
"Asturias, Principado de","Hombres","Centro Público","Usuario experto",365
"Asturias, Principado de","Hombres","Centro Público","Usuario de nivel avanzado",498
"Asturias, Principado de","Hombres","Centro Público","Usuario de nivel básico",248
"Asturias, Principado de","Hombres","Centro Público","No usuario de las TIC",0
"Asturias, Principado de","Hombres","Centro Público","No consta",49
"Asturias, Principado de","Hombres","Centro Privado","Total",225
"Asturias, Principado de","Hombres","Centro Privado","Usuario experto",48
"Asturias, Principado de","Hombres","Centro Privado","Usuario de nivel avanzado",128
"Asturias, Principado de","Hombres","Centro Privado","Usuario de nivel básico",49
"Asturias, Principado de","Hombres","Centro Privado","No usuario de las TIC",0
"Asturias, Principado de","Hombres","Centro Privado","No consta",0
"Asturias, Principado de","Mujeres","Total","Total",1398
"Asturias, Principado de","Mujeres","Total","Usuario experto",318
"Asturias, Principado de","Mujeres","Total","Usuario de nivel avanzado",817
"Asturias, Principado de","Mujeres","Total","Usuario de nivel básico",263
"Asturias, Principado de","Mujeres","Total","No usuario de las TIC",0
"Asturias, Principado de","Mujeres","Total","No consta",0
"Asturias, Principado de","Mujeres","Centro Público","Total",1091
"Asturias, Principado de","Mujeres","Centro Público","Usuario experto",301
"Asturias, Principado de","Mujeres","Centro Público","Usuario de nivel avanzado",640
"Asturias, Principado de","Mujeres","Centro Público","Usuario de nivel básico",150
"Asturias, Principado de","Mujeres","Centro Público","No usuario de las TIC",0
"Asturias, Principado de","Mujeres","Centro Público","No consta",0
"Asturias, Principado de","Mujeres","Centro Privado","Total",307
"Asturias, Principado de","Mujeres","Centro Privado","Usuario experto",17
"Asturias, Principado de","Mujeres","Centro Privado","Usuario de nivel avanzado",177
"Asturias, Principado de","Mujeres","Centro Privado","Usuario de nivel básico",113
"Asturias, Principado de","Mujeres","Centro Privado","No usuario de las TIC",0
"Asturias, Principado de","Mujeres","Centro Privado","No consta",0
"Balears, Illes","Ambos sexos","Total","Total",1364
"Balears, Illes","Ambos sexos","Total","Usuario experto",307
"Balears, Illes","Ambos sexos","Total","Usuario de nivel avanzado",794
"Balears, Illes","Ambos sexos","Total","Usuario de nivel básico",262
"Balears, Illes","Ambos sexos","Total","No usuario de las TIC",0
"Balears, Illes","Ambos sexos","Total","No consta",1
"Balears, Illes","Ambos sexos","Centro Público","Total",1141
"Balears, Illes","Ambos sexos","Centro Público","Usuario experto",263
"Balears, Illes","Ambos sexos","Centro Público","Usuario de nivel avanzado",674
"Balears, Illes","Ambos sexos","Centro Público","Usuario de nivel básico",204
"Balears, Illes","Ambos sexos","Centro Público","No usuario de las TIC",0
"Balears, Illes","Ambos sexos","Centro Público","No consta",0
"Balears, Illes","Ambos sexos","Centro Privado","Total",223
"Balears, Illes","Ambos sexos","Centro Privado","Usuario experto",44
"Balears, Illes","Ambos sexos","Centro Privado","Usuario de nivel avanzado",120
"Balears, Illes","Ambos sexos","Centro Privado","Usuario de nivel básico",58
"Balears, Illes","Ambos sexos","Centro Privado","No usuario de las TIC",0
"Balears, Illes","Ambos sexos","Centro Privado","No consta",1
"Balears, Illes","Hombres","Total","Total",629
"Balears, Illes","Hombres","Total","Usuario experto",222
"Balears, Illes","Hombres","Total","Usuario de nivel avanzado",290
"Balears, Illes","Hombres","Total","Usuario de nivel básico",116
"Balears, Illes","Hombres","Total","No usuario de las TIC",0
"Balears, Illes","Hombres","Total","No consta",1
"Balears, Illes","Hombres","Centro Público","Total",536
"Balears, Illes","Hombres","Centro Público","Usuario experto",183
"Balears, Illes","Hombres","Centro Público","Usuario de nivel avanzado",262
"Balears, Illes","Hombres","Centro Público","Usuario de nivel básico",91
"Balears, Illes","Hombres","Centro Público","No usuario de las TIC",0
"Balears, Illes","Hombres","Centro Público","No consta",0
"Balears, Illes","Hombres","Centro Privado","Total",93
"Balears, Illes","Hombres","Centro Privado","Usuario experto",39
"Balears, Illes","Hombres","Centro Privado","Usuario de nivel avanzado",29
"Balears, Illes","Hombres","Centro Privado","Usuario de nivel básico",25
"Balears, Illes","Hombres","Centro Privado","No usuario de las TIC",0
"Balears, Illes","Hombres","Centro Privado","No consta",1
"Balears, Illes","Mujeres","Total","Total",735
"Balears, Illes","Mujeres","Total","Usuario experto",86
"Balears, Illes","Mujeres","Total","Usuario de nivel avanzado",504
"Balears, Illes","Mujeres","Total","Usuario de nivel básico",146
"Balears, Illes","Mujeres","Total","No usuario de las TIC",0
"Balears, Illes","Mujeres","Total","No consta",0
"Balears, Illes","Mujeres","Centro Público","Total",605
"Balears, Illes","Mujeres","Centro Público","Usuario experto",80
"Balears, Illes","Mujeres","Centro Público","Usuario de nivel avanzado",413
"Balears, Illes","Mujeres","Centro Público","Usuario de nivel básico",112
"Balears, Illes","Mujeres","Centro Público","No usuario de las TIC",0
"Balears, Illes","Mujeres","Centro Público","No consta",0
"Balears, Illes","Mujeres","Centro Privado","Total",130
"Balears, Illes","Mujeres","Centro Privado","Usuario experto",6
"Balears, Illes","Mujeres","Centro Privado","Usuario de nivel avanzado",91
"Balears, Illes","Mujeres","Centro Privado","Usuario de nivel básico",33
"Balears, Illes","Mujeres","Centro Privado","No usuario de las TIC",0
"Balears, Illes","Mujeres","Centro Privado","No consta",0
"Canarias","Ambos sexos","Total","Total",5048
"Canarias","Ambos sexos","Total","Usuario experto",941
"Canarias","Ambos sexos","Total","Usuario de nivel avanzado",3234
"Canarias","Ambos sexos","Total","Usuario de nivel básico",803
"Canarias","Ambos sexos","Total","No usuario de las TIC",0
"Canarias","Ambos sexos","Total","No consta",70
"Canarias","Ambos sexos","Centro Público","Total",4537
"Canarias","Ambos sexos","Centro Público","Usuario experto",912
"Canarias","Ambos sexos","Centro Público","Usuario de nivel avanzado",2898
"Canarias","Ambos sexos","Centro Público","Usuario de nivel básico",657
"Canarias","Ambos sexos","Centro Público","No usuario de las TIC",0
"Canarias","Ambos sexos","Centro Público","No consta",70
"Canarias","Ambos sexos","Centro Privado","Total",511
"Canarias","Ambos sexos","Centro Privado","Usuario experto",29
"Canarias","Ambos sexos","Centro Privado","Usuario de nivel avanzado",336
"Canarias","Ambos sexos","Centro Privado","Usuario de nivel básico",146
"Canarias","Ambos sexos","Centro Privado","No usuario de las TIC",0
"Canarias","Ambos sexos","Centro Privado","No consta",0
"Canarias","Hombres","Total","Total",2280
"Canarias","Hombres","Total","Usuario experto",651
"Canarias","Hombres","Total","Usuario de nivel avanzado",1435
"Canarias","Hombres","Total","Usuario de nivel básico",124
"Canarias","Hombres","Total","No usuario de las TIC",0
"Canarias","Hombres","Total","No consta",70
"Canarias","Hombres","Centro Público","Total",2065
"Canarias","Hombres","Centro Público","Usuario experto",622
"Canarias","Hombres","Centro Público","Usuario de nivel avanzado",1280
"Canarias","Hombres","Centro Público","Usuario de nivel básico",94
"Canarias","Hombres","Centro Público","No usuario de las TIC",0
"Canarias","Hombres","Centro Público","No consta",70
"Canarias","Hombres","Centro Privado","Total",215
"Canarias","Hombres","Centro Privado","Usuario experto",29
"Canarias","Hombres","Centro Privado","Usuario de nivel avanzado",156
"Canarias","Hombres","Centro Privado","Usuario de nivel básico",30
"Canarias","Hombres","Centro Privado","No usuario de las TIC",0
"Canarias","Hombres","Centro Privado","No consta",0
"Canarias","Mujeres","Total","Total",2768
"Canarias","Mujeres","Total","Usuario experto",291
"Canarias","Mujeres","Total","Usuario de nivel avanzado",1799
"Canarias","Mujeres","Total","Usuario de nivel básico",679
"Canarias","Mujeres","Total","No usuario de las TIC",0
"Canarias","Mujeres","Total","No consta",0
"Canarias","Mujeres","Centro Público","Total",2472
"Canarias","Mujeres","Centro Público","Usuario experto",291
"Canarias","Mujeres","Centro Público","Usuario de nivel avanzado",1618
"Canarias","Mujeres","Centro Público","Usuario de nivel básico",563
"Canarias","Mujeres","Centro Público","No usuario de las TIC",0
"Canarias","Mujeres","Centro Público","No consta",0
"Canarias","Mujeres","Centro Privado","Total",296
"Canarias","Mujeres","Centro Privado","Usuario experto",0
"Canarias","Mujeres","Centro Privado","Usuario de nivel avanzado",180
"Canarias","Mujeres","Centro Privado","Usuario de nivel básico",116
"Canarias","Mujeres","Centro Privado","No usuario de las TIC",0
"Canarias","Mujeres","Centro Privado","No consta",0
"Cantabria","Ambos sexos","Total","Total",1585
"Cantabria","Ambos sexos","Total","Usuario experto",335
"Cantabria","Ambos sexos","Total","Usuario de nivel avanzado",982
"Cantabria","Ambos sexos","Total","Usuario de nivel básico",260
"Cantabria","Ambos sexos","Total","No usuario de las TIC",4
"Cantabria","Ambos sexos","Total","No consta",4
"Cantabria","Ambos sexos","Centro Público","Total",1080
"Cantabria","Ambos sexos","Centro Público","Usuario experto",272
"Cantabria","Ambos sexos","Centro Público","Usuario de nivel avanzado",638
"Cantabria","Ambos sexos","Centro Público","Usuario de nivel básico",165
"Cantabria","Ambos sexos","Centro Público","No usuario de las TIC",4
"Cantabria","Ambos sexos","Centro Público","No consta",0
"Cantabria","Ambos sexos","Centro Privado","Total",505
"Cantabria","Ambos sexos","Centro Privado","Usuario experto",63
"Cantabria","Ambos sexos","Centro Privado","Usuario de nivel avanzado",343
"Cantabria","Ambos sexos","Centro Privado","Usuario de nivel básico",95
"Cantabria","Ambos sexos","Centro Privado","No usuario de las TIC",0
"Cantabria","Ambos sexos","Centro Privado","No consta",4
"Cantabria","Hombres","Total","Total",762
"Cantabria","Hombres","Total","Usuario experto",283
"Cantabria","Hombres","Total","Usuario de nivel avanzado",369
"Cantabria","Hombres","Total","Usuario de nivel básico",102
"Cantabria","Hombres","Total","No usuario de las TIC",4
"Cantabria","Hombres","Total","No consta",4
"Cantabria","Hombres","Centro Público","Total",595
"Cantabria","Hombres","Centro Público","Usuario experto",229
"Cantabria","Hombres","Centro Público","Usuario de nivel avanzado",287
"Cantabria","Hombres","Centro Público","Usuario de nivel básico",75
"Cantabria","Hombres","Centro Público","No usuario de las TIC",4
"Cantabria","Hombres","Centro Público","No consta",0
"Cantabria","Hombres","Centro Privado","Total",167
"Cantabria","Hombres","Centro Privado","Usuario experto",54
"Cantabria","Hombres","Centro Privado","Usuario de nivel avanzado",82
"Cantabria","Hombres","Centro Privado","Usuario de nivel básico",27
"Cantabria","Hombres","Centro Privado","No usuario de las TIC",0
"Cantabria","Hombres","Centro Privado","No consta",4
"Cantabria","Mujeres","Total","Total",823
"Cantabria","Mujeres","Total","Usuario experto",52
"Cantabria","Mujeres","Total","Usuario de nivel avanzado",612
"Cantabria","Mujeres","Total","Usuario de nivel básico",158
"Cantabria","Mujeres","Total","No usuario de las TIC",0
"Cantabria","Mujeres","Total","No consta",0
"Cantabria","Mujeres","Centro Público","Total",485
"Cantabria","Mujeres","Centro Público","Usuario experto",43
"Cantabria","Mujeres","Centro Público","Usuario de nivel avanzado",351
"Cantabria","Mujeres","Centro Público","Usuario de nivel básico",90
"Cantabria","Mujeres","Centro Público","No usuario de las TIC",0
"Cantabria","Mujeres","Centro Público","No consta",0
"Cantabria","Mujeres","Centro Privado","Total",338
"Cantabria","Mujeres","Centro Privado","Usuario experto",9
"Cantabria","Mujeres","Centro Privado","Usuario de nivel avanzado",261
"Cantabria","Mujeres","Centro Privado","Usuario de nivel básico",68
"Cantabria","Mujeres","Centro Privado","No usuario de las TIC",0
"Cantabria","Mujeres","Centro Privado","No consta",0
"Castilla y León","Ambos sexos","Total","Total",6004
"Castilla y León","Ambos sexos","Total","Usuario experto",1290
"Castilla y León","Ambos sexos","Total","Usuario de nivel avanzado",3756
"Castilla y León","Ambos sexos","Total","Usuario de nivel básico",931
"Castilla y León","Ambos sexos","Total","No usuario de las TIC",17
"Castilla y León","Ambos sexos","Total","No consta",10
"Castilla y León","Ambos sexos","Centro Público","Total",4412
"Castilla y León","Ambos sexos","Centro Público","Usuario experto",888
"Castilla y León","Ambos sexos","Centro Público","Usuario de nivel avanzado",2785
"Castilla y León","Ambos sexos","Centro Público","Usuario de nivel básico",740
"Castilla y León","Ambos sexos","Centro Público","No usuario de las TIC",0
"Castilla y León","Ambos sexos","Centro Público","No consta",0
"Castilla y León","Ambos sexos","Centro Privado","Total",1592
"Castilla y León","Ambos sexos","Centro Privado","Usuario experto",402
"Castilla y León","Ambos sexos","Centro Privado","Usuario de nivel avanzado",972
"Castilla y León","Ambos sexos","Centro Privado","Usuario de nivel básico",191
"Castilla y León","Ambos sexos","Centro Privado","No usuario de las TIC",17
"Castilla y León","Ambos sexos","Centro Privado","No consta",10
"Castilla y León","Hombres","Total","Total",2993
"Castilla y León","Hombres","Total","Usuario experto",887
"Castilla y León","Hombres","Total","Usuario de nivel avanzado",1525
"Castilla y León","Hombres","Total","Usuario de nivel básico",563
"Castilla y León","Hombres","Total","No usuario de las TIC",17
"Castilla y León","Hombres","Total","No consta",0
"Castilla y León","Hombres","Centro Público","Total",2216
"Castilla y León","Hombres","Centro Público","Usuario experto",603
"Castilla y León","Hombres","Centro Público","Usuario de nivel avanzado",1161
"Castilla y León","Hombres","Centro Público","Usuario de nivel básico",452
"Castilla y León","Hombres","Centro Público","No usuario de las TIC",0
"Castilla y León","Hombres","Centro Público","No consta",0
"Castilla y León","Hombres","Centro Privado","Total",777
"Castilla y León","Hombres","Centro Privado","Usuario experto",284
"Castilla y León","Hombres","Centro Privado","Usuario de nivel avanzado",365
"Castilla y León","Hombres","Centro Privado","Usuario de nivel básico",111
"Castilla y León","Hombres","Centro Privado","No usuario de las TIC",17
"Castilla y León","Hombres","Centro Privado","No consta",0
"Castilla y León","Mujeres","Total","Total",3011
"Castilla y León","Mujeres","Total","Usuario experto",403
"Castilla y León","Mujeres","Total","Usuario de nivel avanzado",2231
"Castilla y León","Mujeres","Total","Usuario de nivel básico",368
"Castilla y León","Mujeres","Total","No usuario de las TIC",0
"Castilla y León","Mujeres","Total","No consta",10
"Castilla y León","Mujeres","Centro Público","Total",2196
"Castilla y León","Mujeres","Centro Público","Usuario experto",285
"Castilla y León","Mujeres","Centro Público","Usuario de nivel avanzado",1624
"Castilla y León","Mujeres","Centro Público","Usuario de nivel básico",288
"Castilla y León","Mujeres","Centro Público","No usuario de las TIC",0
"Castilla y León","Mujeres","Centro Público","No consta",0
"Castilla y León","Mujeres","Centro Privado","Total",815
"Castilla y León","Mujeres","Centro Privado","Usuario experto",118
"Castilla y León","Mujeres","Centro Privado","Usuario de nivel avanzado",607
"Castilla y León","Mujeres","Centro Privado","Usuario de nivel básico",80
"Castilla y León","Mujeres","Centro Privado","No usuario de las TIC",0
"Castilla y León","Mujeres","Centro Privado","No consta",10
"Castilla - La Mancha","Ambos sexos","Total","Total",4762
"Castilla - La Mancha","Ambos sexos","Total","Usuario experto",1532
"Castilla - La Mancha","Ambos sexos","Total","Usuario de nivel avanzado",2492
"Castilla - La Mancha","Ambos sexos","Total","Usuario de nivel básico",696
"Castilla - La Mancha","Ambos sexos","Total","No usuario de las TIC",0
"Castilla - La Mancha","Ambos sexos","Total","No consta",42
"Castilla - La Mancha","Ambos sexos","Centro Público","Total",4282
"Castilla - La Mancha","Ambos sexos","Centro Público","Usuario experto",1469
"Castilla - La Mancha","Ambos sexos","Centro Público","Usuario de nivel avanzado",2226
"Castilla - La Mancha","Ambos sexos","Centro Público","Usuario de nivel básico",548
"Castilla - La Mancha","Ambos sexos","Centro Público","No usuario de las TIC",0
"Castilla - La Mancha","Ambos sexos","Centro Público","No consta",38
"Castilla - La Mancha","Ambos sexos","Centro Privado","Total",480
"Castilla - La Mancha","Ambos sexos","Centro Privado","Usuario experto",63
"Castilla - La Mancha","Ambos sexos","Centro Privado","Usuario de nivel avanzado",266
"Castilla - La Mancha","Ambos sexos","Centro Privado","Usuario de nivel básico",147
"Castilla - La Mancha","Ambos sexos","Centro Privado","No usuario de las TIC",0
"Castilla - La Mancha","Ambos sexos","Centro Privado","No consta",4
"Castilla - La Mancha","Hombres","Total","Total",2322
"Castilla - La Mancha","Hombres","Total","Usuario experto",782
"Castilla - La Mancha","Hombres","Total","Usuario de nivel avanzado",1279
"Castilla - La Mancha","Hombres","Total","Usuario de nivel básico",231
"Castilla - La Mancha","Hombres","Total","No usuario de las TIC",0
"Castilla - La Mancha","Hombres","Total","No consta",30
"Castilla - La Mancha","Hombres","Centro Público","Total",2076
"Castilla - La Mancha","Hombres","Centro Público","Usuario experto",735
"Castilla - La Mancha","Hombres","Centro Público","Usuario de nivel avanzado",1135
"Castilla - La Mancha","Hombres","Centro Público","Usuario de nivel básico",180
"Castilla - La Mancha","Hombres","Centro Público","No usuario de las TIC",0
"Castilla - La Mancha","Hombres","Centro Público","No consta",26
"Castilla - La Mancha","Hombres","Centro Privado","Total",246
"Castilla - La Mancha","Hombres","Centro Privado","Usuario experto",47
"Castilla - La Mancha","Hombres","Centro Privado","Usuario de nivel avanzado",144
"Castilla - La Mancha","Hombres","Centro Privado","Usuario de nivel básico",51
"Castilla - La Mancha","Hombres","Centro Privado","No usuario de las TIC",0
"Castilla - La Mancha","Hombres","Centro Privado","No consta",4
"Castilla - La Mancha","Mujeres","Total","Total",2440
"Castilla - La Mancha","Mujeres","Total","Usuario experto",750
"Castilla - La Mancha","Mujeres","Total","Usuario de nivel avanzado",1214
"Castilla - La Mancha","Mujeres","Total","Usuario de nivel básico",465
"Castilla - La Mancha","Mujeres","Total","No usuario de las TIC",0
"Castilla - La Mancha","Mujeres","Total","No consta",12
"Castilla - La Mancha","Mujeres","Centro Público","Total",2206
"Castilla - La Mancha","Mujeres","Centro Público","Usuario experto",735
"Castilla - La Mancha","Mujeres","Centro Público","Usuario de nivel avanzado",1091
"Castilla - La Mancha","Mujeres","Centro Público","Usuario de nivel básico",368
"Castilla - La Mancha","Mujeres","Centro Público","No usuario de las TIC",0
"Castilla - La Mancha","Mujeres","Centro Público","No consta",12
"Castilla - La Mancha","Mujeres","Centro Privado","Total",234
"Castilla - La Mancha","Mujeres","Centro Privado","Usuario experto",15
"Castilla - La Mancha","Mujeres","Centro Privado","Usuario de nivel avanzado",123
"Castilla - La Mancha","Mujeres","Centro Privado","Usuario de nivel básico",96
"Castilla - La Mancha","Mujeres","Centro Privado","No usuario de las TIC",0
"Castilla - La Mancha","Mujeres","Centro Privado","No consta",0
"Cataluña","Ambos sexos","Total","Total",19945
"Cataluña","Ambos sexos","Total","Usuario experto",4376
"Cataluña","Ambos sexos","Total","Usuario de nivel avanzado",12465
"Cataluña","Ambos sexos","Total","Usuario de nivel básico",2996
"Cataluña","Ambos sexos","Total","No usuario de las TIC",73
"Cataluña","Ambos sexos","Total","No consta",35
"Cataluña","Ambos sexos","Centro Público","Total",14003
"Cataluña","Ambos sexos","Centro Público","Usuario experto",2822
"Cataluña","Ambos sexos","Centro Público","Usuario de nivel avanzado",9032
"Cataluña","Ambos sexos","Centro Público","Usuario de nivel básico",2091
"Cataluña","Ambos sexos","Centro Público","No usuario de las TIC",23
"Cataluña","Ambos sexos","Centro Público","No consta",35
"Cataluña","Ambos sexos","Centro Privado","Total",5942
"Cataluña","Ambos sexos","Centro Privado","Usuario experto",1554
"Cataluña","Ambos sexos","Centro Privado","Usuario de nivel avanzado",3433
"Cataluña","Ambos sexos","Centro Privado","Usuario de nivel básico",905
"Cataluña","Ambos sexos","Centro Privado","No usuario de las TIC",50
"Cataluña","Ambos sexos","Centro Privado","No consta",0
"Cataluña","Hombres","Total","Total",9565
"Cataluña","Hombres","Total","Usuario experto",3241
"Cataluña","Hombres","Total","Usuario de nivel avanzado",5149
"Cataluña","Hombres","Total","Usuario de nivel básico",1067
"Cataluña","Hombres","Total","No usuario de las TIC",73
"Cataluña","Hombres","Total","No consta",35
"Cataluña","Hombres","Centro Público","Total",6531
"Cataluña","Hombres","Centro Público","Usuario experto",2170
"Cataluña","Hombres","Centro Público","Usuario de nivel avanzado",3501
"Cataluña","Hombres","Centro Público","Usuario de nivel básico",802
"Cataluña","Hombres","Centro Público","No usuario de las TIC",23
"Cataluña","Hombres","Centro Público","No consta",35
"Cataluña","Hombres","Centro Privado","Total",3034
"Cataluña","Hombres","Centro Privado","Usuario experto",1071
"Cataluña","Hombres","Centro Privado","Usuario de nivel avanzado",1648
"Cataluña","Hombres","Centro Privado","Usuario de nivel básico",265
"Cataluña","Hombres","Centro Privado","No usuario de las TIC",50
"Cataluña","Hombres","Centro Privado","No consta",0
"Cataluña","Mujeres","Total","Total",10380
"Cataluña","Mujeres","Total","Usuario experto",1135
"Cataluña","Mujeres","Total","Usuario de nivel avanzado",7316
"Cataluña","Mujeres","Total","Usuario de nivel básico",1929
"Cataluña","Mujeres","Total","No usuario de las TIC",0
"Cataluña","Mujeres","Total","No consta",0
"Cataluña","Mujeres","Centro Público","Total",7472
"Cataluña","Mujeres","Centro Público","Usuario experto",652
"Cataluña","Mujeres","Centro Público","Usuario de nivel avanzado",5530
"Cataluña","Mujeres","Centro Público","Usuario de nivel básico",1289
"Cataluña","Mujeres","Centro Público","No usuario de las TIC",0
"Cataluña","Mujeres","Centro Público","No consta",0
"Cataluña","Mujeres","Centro Privado","Total",2908
"Cataluña","Mujeres","Centro Privado","Usuario experto",483
"Cataluña","Mujeres","Centro Privado","Usuario de nivel avanzado",1785
"Cataluña","Mujeres","Centro Privado","Usuario de nivel básico",640
"Cataluña","Mujeres","Centro Privado","No usuario de las TIC",0
"Cataluña","Mujeres","Centro Privado","No consta",0
"Comunitat Valenciana","Ambos sexos","Total","Total",13940
"Comunitat Valenciana","Ambos sexos","Total","Usuario experto",2378
"Comunitat Valenciana","Ambos sexos","Total","Usuario de nivel avanzado",9059
"Comunitat Valenciana","Ambos sexos","Total","Usuario de nivel básico",2392
"Comunitat Valenciana","Ambos sexos","Total","No usuario de las TIC",0
"Comunitat Valenciana","Ambos sexos","Total","No consta",111
"Comunitat Valenciana","Ambos sexos","Centro Público","Total",10905
"Comunitat Valenciana","Ambos sexos","Centro Público","Usuario experto",1786
"Comunitat Valenciana","Ambos sexos","Centro Público","Usuario de nivel avanzado",7284
"Comunitat Valenciana","Ambos sexos","Centro Público","Usuario de nivel básico",1724
"Comunitat Valenciana","Ambos sexos","Centro Público","No usuario de las TIC",0
"Comunitat Valenciana","Ambos sexos","Centro Público","No consta",111
"Comunitat Valenciana","Ambos sexos","Centro Privado","Total",3035
"Comunitat Valenciana","Ambos sexos","Centro Privado","Usuario experto",592
"Comunitat Valenciana","Ambos sexos","Centro Privado","Usuario de nivel avanzado",1775
"Comunitat Valenciana","Ambos sexos","Centro Privado","Usuario de nivel básico",669
"Comunitat Valenciana","Ambos sexos","Centro Privado","No usuario de las TIC",0
"Comunitat Valenciana","Ambos sexos","Centro Privado","No consta",0
"Comunitat Valenciana","Hombres","Total","Total",6495
"Comunitat Valenciana","Hombres","Total","Usuario experto",1793
"Comunitat Valenciana","Hombres","Total","Usuario de nivel avanzado",3771
"Comunitat Valenciana","Hombres","Total","Usuario de nivel básico",841
"Comunitat Valenciana","Hombres","Total","No usuario de las TIC",0
"Comunitat Valenciana","Hombres","Total","No consta",91
"Comunitat Valenciana","Hombres","Centro Público","Total",5254
"Comunitat Valenciana","Hombres","Centro Público","Usuario experto",1384
"Comunitat Valenciana","Hombres","Centro Público","Usuario de nivel avanzado",3055
"Comunitat Valenciana","Hombres","Centro Público","Usuario de nivel básico",725
"Comunitat Valenciana","Hombres","Centro Público","No usuario de las TIC",0
"Comunitat Valenciana","Hombres","Centro Público","No consta",91
"Comunitat Valenciana","Hombres","Centro Privado","Total",1241
"Comunitat Valenciana","Hombres","Centro Privado","Usuario experto",409
"Comunitat Valenciana","Hombres","Centro Privado","Usuario de nivel avanzado",717
"Comunitat Valenciana","Hombres","Centro Privado","Usuario de nivel básico",115
"Comunitat Valenciana","Hombres","Centro Privado","No usuario de las TIC",0
"Comunitat Valenciana","Hombres","Centro Privado","No consta",0
"Comunitat Valenciana","Mujeres","Total","Total",7445
"Comunitat Valenciana","Mujeres","Total","Usuario experto",585
"Comunitat Valenciana","Mujeres","Total","Usuario de nivel avanzado",5287
"Comunitat Valenciana","Mujeres","Total","Usuario de nivel básico",1552
"Comunitat Valenciana","Mujeres","Total","No usuario de las TIC",0
"Comunitat Valenciana","Mujeres","Total","No consta",21
"Comunitat Valenciana","Mujeres","Centro Público","Total",5651
"Comunitat Valenciana","Mujeres","Centro Público","Usuario experto",403
"Comunitat Valenciana","Mujeres","Centro Público","Usuario de nivel avanzado",4229
"Comunitat Valenciana","Mujeres","Centro Público","Usuario de nivel básico",998
"Comunitat Valenciana","Mujeres","Centro Público","No usuario de las TIC",0
"Comunitat Valenciana","Mujeres","Centro Público","No consta",21
"Comunitat Valenciana","Mujeres","Centro Privado","Total",1794
"Comunitat Valenciana","Mujeres","Centro Privado","Usuario experto",183
"Comunitat Valenciana","Mujeres","Centro Privado","Usuario de nivel avanzado",1058
"Comunitat Valenciana","Mujeres","Centro Privado","Usuario de nivel básico",553
"Comunitat Valenciana","Mujeres","Centro Privado","No usuario de las TIC",0
"Comunitat Valenciana","Mujeres","Centro Privado","No consta",0
"Extremadura","Ambos sexos","Total","Total",2394
"Extremadura","Ambos sexos","Total","Usuario experto",524
"Extremadura","Ambos sexos","Total","Usuario de nivel avanzado",1355
"Extremadura","Ambos sexos","Total","Usuario de nivel básico",513
"Extremadura","Ambos sexos","Total","No usuario de las TIC",0
"Extremadura","Ambos sexos","Total","No consta",1
"Extremadura","Ambos sexos","Centro Público","Total",2141
"Extremadura","Ambos sexos","Centro Público","Usuario experto",465
"Extremadura","Ambos sexos","Centro Público","Usuario de nivel avanzado",1219
"Extremadura","Ambos sexos","Centro Público","Usuario de nivel básico",457
"Extremadura","Ambos sexos","Centro Público","No usuario de las TIC",0
"Extremadura","Ambos sexos","Centro Público","No consta",0
"Extremadura","Ambos sexos","Centro Privado","Total",253
"Extremadura","Ambos sexos","Centro Privado","Usuario experto",59
"Extremadura","Ambos sexos","Centro Privado","Usuario de nivel avanzado",136
"Extremadura","Ambos sexos","Centro Privado","Usuario de nivel básico",56
"Extremadura","Ambos sexos","Centro Privado","No usuario de las TIC",0
"Extremadura","Ambos sexos","Centro Privado","No consta",1
"Extremadura","Hombres","Total","Total",1171
"Extremadura","Hombres","Total","Usuario experto",393
"Extremadura","Hombres","Total","Usuario de nivel avanzado",563
"Extremadura","Hombres","Total","Usuario de nivel básico",215
"Extremadura","Hombres","Total","No usuario de las TIC",0
"Extremadura","Hombres","Total","No consta",0
"Extremadura","Hombres","Centro Público","Total",1060
"Extremadura","Hombres","Centro Público","Usuario experto",357
"Extremadura","Hombres","Centro Público","Usuario de nivel avanzado",510
"Extremadura","Hombres","Centro Público","Usuario de nivel básico",193
"Extremadura","Hombres","Centro Público","No usuario de las TIC",0
"Extremadura","Hombres","Centro Público","No consta",0
"Extremadura","Hombres","Centro Privado","Total",111
"Extremadura","Hombres","Centro Privado","Usuario experto",36
"Extremadura","Hombres","Centro Privado","Usuario de nivel avanzado",54
"Extremadura","Hombres","Centro Privado","Usuario de nivel básico",22
"Extremadura","Hombres","Centro Privado","No usuario de las TIC",0
"Extremadura","Hombres","Centro Privado","No consta",0
"Extremadura","Mujeres","Total","Total",1223
"Extremadura","Mujeres","Total","Usuario experto",132
"Extremadura","Mujeres","Total","Usuario de nivel avanzado",792
"Extremadura","Mujeres","Total","Usuario de nivel básico",298
"Extremadura","Mujeres","Total","No usuario de las TIC",0
"Extremadura","Mujeres","Total","No consta",1
"Extremadura","Mujeres","Centro Público","Total",1081
"Extremadura","Mujeres","Centro Público","Usuario experto",108
"Extremadura","Mujeres","Centro Público","Usuario de nivel avanzado",709
"Extremadura","Mujeres","Centro Público","Usuario de nivel básico",263
"Extremadura","Mujeres","Centro Público","No usuario de las TIC",0
"Extremadura","Mujeres","Centro Público","No consta",0
"Extremadura","Mujeres","Centro Privado","Total",142
"Extremadura","Mujeres","Centro Privado","Usuario experto",23
"Extremadura","Mujeres","Centro Privado","Usuario de nivel avanzado",83
"Extremadura","Mujeres","Centro Privado","Usuario de nivel básico",34
"Extremadura","Mujeres","Centro Privado","No usuario de las TIC",0
"Extremadura","Mujeres","Centro Privado","No consta",1
"Galicia","Ambos sexos","Total","Total",6737
"Galicia","Ambos sexos","Total","Usuario experto",1184
"Galicia","Ambos sexos","Total","Usuario de nivel avanzado",4297
"Galicia","Ambos sexos","Total","Usuario de nivel básico",1228
"Galicia","Ambos sexos","Total","No usuario de las TIC",0
"Galicia","Ambos sexos","Total","No consta",28
"Galicia","Ambos sexos","Centro Público","Total",5533
"Galicia","Ambos sexos","Centro Público","Usuario experto",1040
"Galicia","Ambos sexos","Centro Público","Usuario de nivel avanzado",3480
"Galicia","Ambos sexos","Centro Público","Usuario de nivel básico",999
"Galicia","Ambos sexos","Centro Público","No usuario de las TIC",0
"Galicia","Ambos sexos","Centro Público","No consta",14
"Galicia","Ambos sexos","Centro Privado","Total",1204
"Galicia","Ambos sexos","Centro Privado","Usuario experto",144
"Galicia","Ambos sexos","Centro Privado","Usuario de nivel avanzado",817
"Galicia","Ambos sexos","Centro Privado","Usuario de nivel básico",229
"Galicia","Ambos sexos","Centro Privado","No usuario de las TIC",0
"Galicia","Ambos sexos","Centro Privado","No consta",14
"Galicia","Hombres","Total","Total",3217
"Galicia","Hombres","Total","Usuario experto",890
"Galicia","Hombres","Total","Usuario de nivel avanzado",1765
"Galicia","Hombres","Total","Usuario de nivel básico",541
"Galicia","Hombres","Total","No usuario de las TIC",0
"Galicia","Hombres","Total","No consta",20
"Galicia","Hombres","Centro Público","Total",2773
"Galicia","Hombres","Centro Público","Usuario experto",758
"Galicia","Hombres","Centro Público","Usuario de nivel avanzado",1548
"Galicia","Hombres","Centro Público","Usuario de nivel básico",460
"Galicia","Hombres","Centro Público","No usuario de las TIC",0
"Galicia","Hombres","Centro Público","No consta",6
"Galicia","Hombres","Centro Privado","Total",444
"Galicia","Hombres","Centro Privado","Usuario experto",132
"Galicia","Hombres","Centro Privado","Usuario de nivel avanzado",217
"Galicia","Hombres","Centro Privado","Usuario de nivel básico",81
"Galicia","Hombres","Centro Privado","No usuario de las TIC",0
"Galicia","Hombres","Centro Privado","No consta",14
"Galicia","Mujeres","Total","Total",3520
"Galicia","Mujeres","Total","Usuario experto",294
"Galicia","Mujeres","Total","Usuario de nivel avanzado",2532
"Galicia","Mujeres","Total","Usuario de nivel básico",687
"Galicia","Mujeres","Total","No usuario de las TIC",0
"Galicia","Mujeres","Total","No consta",7
"Galicia","Mujeres","Centro Público","Total",2760
"Galicia","Mujeres","Centro Público","Usuario experto",282
"Galicia","Mujeres","Centro Público","Usuario de nivel avanzado",1932
"Galicia","Mujeres","Centro Público","Usuario de nivel básico",538
"Galicia","Mujeres","Centro Público","No usuario de las TIC",0
"Galicia","Mujeres","Centro Público","No consta",7
"Galicia","Mujeres","Centro Privado","Total",760
"Galicia","Mujeres","Centro Privado","Usuario experto",12
"Galicia","Mujeres","Centro Privado","Usuario de nivel avanzado",600
"Galicia","Mujeres","Centro Privado","Usuario de nivel básico",148
"Galicia","Mujeres","Centro Privado","No usuario de las TIC",0
"Galicia","Mujeres","Centro Privado","No consta",0
"Madrid, Comunidad de","Ambos sexos","Total","Total",14739
"Madrid, Comunidad de","Ambos sexos","Total","Usuario experto",3667
"Madrid, Comunidad de","Ambos sexos","Total","Usuario de nivel avanzado",8761
"Madrid, Comunidad de","Ambos sexos","Total","Usuario de nivel básico",2267
"Madrid, Comunidad de","Ambos sexos","Total","No usuario de las TIC",25
"Madrid, Comunidad de","Ambos sexos","Total","No consta",19
"Madrid, Comunidad de","Ambos sexos","Centro Público","Total",10180
"Madrid, Comunidad de","Ambos sexos","Centro Público","Usuario experto",2152
"Madrid, Comunidad de","Ambos sexos","Centro Público","Usuario de nivel avanzado",6309
"Madrid, Comunidad de","Ambos sexos","Centro Público","Usuario de nivel básico",1683
"Madrid, Comunidad de","Ambos sexos","Centro Público","No usuario de las TIC",17
"Madrid, Comunidad de","Ambos sexos","Centro Público","No consta",19
"Madrid, Comunidad de","Ambos sexos","Centro Privado","Total",4559
"Madrid, Comunidad de","Ambos sexos","Centro Privado","Usuario experto",1515
"Madrid, Comunidad de","Ambos sexos","Centro Privado","Usuario de nivel avanzado",2452
"Madrid, Comunidad de","Ambos sexos","Centro Privado","Usuario de nivel básico",585
"Madrid, Comunidad de","Ambos sexos","Centro Privado","No usuario de las TIC",8
"Madrid, Comunidad de","Ambos sexos","Centro Privado","No consta",0
"Madrid, Comunidad de","Hombres","Total","Total",7297
"Madrid, Comunidad de","Hombres","Total","Usuario experto",2782
"Madrid, Comunidad de","Hombres","Total","Usuario de nivel avanzado",3375
"Madrid, Comunidad de","Hombres","Total","Usuario de nivel básico",1101
"Madrid, Comunidad de","Hombres","Total","No usuario de las TIC",25
"Madrid, Comunidad de","Hombres","Total","No consta",15
"Madrid, Comunidad de","Hombres","Centro Público","Total",4983
"Madrid, Comunidad de","Hombres","Centro Público","Usuario experto",1802
"Madrid, Comunidad de","Hombres","Centro Público","Usuario de nivel avanzado",2375
"Madrid, Comunidad de","Hombres","Centro Público","Usuario de nivel básico",774
"Madrid, Comunidad de","Hombres","Centro Público","No usuario de las TIC",17
"Madrid, Comunidad de","Hombres","Centro Público","No consta",15
"Madrid, Comunidad de","Hombres","Centro Privado","Total",2314
"Madrid, Comunidad de","Hombres","Centro Privado","Usuario experto",980
"Madrid, Comunidad de","Hombres","Centro Privado","Usuario de nivel avanzado",999
"Madrid, Comunidad de","Hombres","Centro Privado","Usuario de nivel básico",328
"Madrid, Comunidad de","Hombres","Centro Privado","No usuario de las TIC",8
"Madrid, Comunidad de","Hombres","Centro Privado","No consta",0
"Madrid, Comunidad de","Mujeres","Total","Total",7442
"Madrid, Comunidad de","Mujeres","Total","Usuario experto",885
"Madrid, Comunidad de","Mujeres","Total","Usuario de nivel avanzado",5387
"Madrid, Comunidad de","Mujeres","Total","Usuario de nivel básico",1166
"Madrid, Comunidad de","Mujeres","Total","No usuario de las TIC",0
"Madrid, Comunidad de","Mujeres","Total","No consta",4
"Madrid, Comunidad de","Mujeres","Centro Público","Total",5197
"Madrid, Comunidad de","Mujeres","Centro Público","Usuario experto",350
"Madrid, Comunidad de","Mujeres","Centro Público","Usuario de nivel avanzado",3934
"Madrid, Comunidad de","Mujeres","Centro Público","Usuario de nivel básico",909
"Madrid, Comunidad de","Mujeres","Centro Público","No usuario de las TIC",0
"Madrid, Comunidad de","Mujeres","Centro Público","No consta",4
"Madrid, Comunidad de","Mujeres","Centro Privado","Total",2245
"Madrid, Comunidad de","Mujeres","Centro Privado","Usuario experto",535
"Madrid, Comunidad de","Mujeres","Centro Privado","Usuario de nivel avanzado",1453
"Madrid, Comunidad de","Mujeres","Centro Privado","Usuario de nivel básico",257
"Madrid, Comunidad de","Mujeres","Centro Privado","No usuario de las TIC",0
"Madrid, Comunidad de","Mujeres","Centro Privado","No consta",0
"Murcia, Región de","Ambos sexos","Total","Total",3342
"Murcia, Región de","Ambos sexos","Total","Usuario experto",692
"Murcia, Región de","Ambos sexos","Total","Usuario de nivel avanzado",1910
"Murcia, Región de","Ambos sexos","Total","Usuario de nivel básico",729
"Murcia, Región de","Ambos sexos","Total","No usuario de las TIC",0
"Murcia, Región de","Ambos sexos","Total","No consta",11
"Murcia, Región de","Ambos sexos","Centro Público","Total",2785
"Murcia, Región de","Ambos sexos","Centro Público","Usuario experto",600
"Murcia, Región de","Ambos sexos","Centro Público","Usuario de nivel avanzado",1637
"Murcia, Región de","Ambos sexos","Centro Público","Usuario de nivel básico",548
"Murcia, Región de","Ambos sexos","Centro Público","No usuario de las TIC",0
"Murcia, Región de","Ambos sexos","Centro Público","No consta",0
"Murcia, Región de","Ambos sexos","Centro Privado","Total",557
"Murcia, Región de","Ambos sexos","Centro Privado","Usuario experto",93
"Murcia, Región de","Ambos sexos","Centro Privado","Usuario de nivel avanzado",273
"Murcia, Región de","Ambos sexos","Centro Privado","Usuario de nivel básico",181
"Murcia, Región de","Ambos sexos","Centro Privado","No usuario de las TIC",0
"Murcia, Región de","Ambos sexos","Centro Privado","No consta",11
"Murcia, Región de","Hombres","Total","Total",1637
"Murcia, Región de","Hombres","Total","Usuario experto",551
"Murcia, Región de","Hombres","Total","Usuario de nivel avanzado",780
"Murcia, Región de","Hombres","Total","Usuario de nivel básico",296
"Murcia, Región de","Hombres","Total","No usuario de las TIC",0
"Murcia, Región de","Hombres","Total","No consta",11
"Murcia, Región de","Hombres","Centro Público","Total",1423
"Murcia, Región de","Hombres","Centro Público","Usuario experto",493
"Murcia, Región de","Hombres","Centro Público","Usuario de nivel avanzado",675
"Murcia, Región de","Hombres","Centro Público","Usuario de nivel básico",254
"Murcia, Región de","Hombres","Centro Público","No usuario de las TIC",0
"Murcia, Región de","Hombres","Centro Público","No consta",0
"Murcia, Región de","Hombres","Centro Privado","Total",214
"Murcia, Región de","Hombres","Centro Privado","Usuario experto",58
"Murcia, Región de","Hombres","Centro Privado","Usuario de nivel avanzado",105
"Murcia, Región de","Hombres","Centro Privado","Usuario de nivel básico",41
"Murcia, Región de","Hombres","Centro Privado","No usuario de las TIC",0
"Murcia, Región de","Hombres","Centro Privado","No consta",11
"Murcia, Región de","Mujeres","Total","Total",1705
"Murcia, Región de","Mujeres","Total","Usuario experto",141
"Murcia, Región de","Mujeres","Total","Usuario de nivel avanzado",1130
"Murcia, Región de","Mujeres","Total","Usuario de nivel básico",434
"Murcia, Región de","Mujeres","Total","No usuario de las TIC",0
"Murcia, Región de","Mujeres","Total","No consta",0
"Murcia, Región de","Mujeres","Centro Público","Total",1362
"Murcia, Región de","Mujeres","Centro Público","Usuario experto",106
"Murcia, Región de","Mujeres","Centro Público","Usuario de nivel avanzado",962
"Murcia, Región de","Mujeres","Centro Público","Usuario de nivel básico",294
"Murcia, Región de","Mujeres","Centro Público","No usuario de las TIC",0
"Murcia, Región de","Mujeres","Centro Público","No consta",0
"Murcia, Región de","Mujeres","Centro Privado","Total",343
"Murcia, Región de","Mujeres","Centro Privado","Usuario experto",35
"Murcia, Región de","Mujeres","Centro Privado","Usuario de nivel avanzado",168
"Murcia, Región de","Mujeres","Centro Privado","Usuario de nivel básico",140
"Murcia, Región de","Mujeres","Centro Privado","No usuario de las TIC",0
"Murcia, Región de","Mujeres","Centro Privado","No consta",0
"Navarra, Comunidad Foral de","Ambos sexos","Total","Total",1466
"Navarra, Comunidad Foral de","Ambos sexos","Total","Usuario experto",288
"Navarra, Comunidad Foral de","Ambos sexos","Total","Usuario de nivel avanzado",815
"Navarra, Comunidad Foral de","Ambos sexos","Total","Usuario de nivel básico",361
"Navarra, Comunidad Foral de","Ambos sexos","Total","No usuario de las TIC",3
"Navarra, Comunidad Foral de","Ambos sexos","Total","No consta",0
"Navarra, Comunidad Foral de","Ambos sexos","Centro Público","Total",1116
"Navarra, Comunidad Foral de","Ambos sexos","Centro Público","Usuario experto",199
"Navarra, Comunidad Foral de","Ambos sexos","Centro Público","Usuario de nivel avanzado",599
"Navarra, Comunidad Foral de","Ambos sexos","Centro Público","Usuario de nivel básico",318
"Navarra, Comunidad Foral de","Ambos sexos","Centro Público","No usuario de las TIC",0
"Navarra, Comunidad Foral de","Ambos sexos","Centro Público","No consta",0
"Navarra, Comunidad Foral de","Ambos sexos","Centro Privado","Total",350
"Navarra, Comunidad Foral de","Ambos sexos","Centro Privado","Usuario experto",89
"Navarra, Comunidad Foral de","Ambos sexos","Centro Privado","Usuario de nivel avanzado",216
"Navarra, Comunidad Foral de","Ambos sexos","Centro Privado","Usuario de nivel básico",42
"Navarra, Comunidad Foral de","Ambos sexos","Centro Privado","No usuario de las TIC",3
"Navarra, Comunidad Foral de","Ambos sexos","Centro Privado","No consta",0
"Navarra, Comunidad Foral de","Hombres","Total","Total",838
"Navarra, Comunidad Foral de","Hombres","Total","Usuario experto",201
"Navarra, Comunidad Foral de","Hombres","Total","Usuario de nivel avanzado",437
"Navarra, Comunidad Foral de","Hombres","Total","Usuario de nivel básico",197
"Navarra, Comunidad Foral de","Hombres","Total","No usuario de las TIC",3
"Navarra, Comunidad Foral de","Hombres","Total","No consta",0
"Navarra, Comunidad Foral de","Hombres","Centro Público","Total",639
"Navarra, Comunidad Foral de","Hombres","Centro Público","Usuario experto",142
"Navarra, Comunidad Foral de","Hombres","Centro Público","Usuario de nivel avanzado",321
"Navarra, Comunidad Foral de","Hombres","Centro Público","Usuario de nivel básico",176
"Navarra, Comunidad Foral de","Hombres","Centro Público","No usuario de las TIC",0
"Navarra, Comunidad Foral de","Hombres","Centro Público","No consta",0
"Navarra, Comunidad Foral de","Hombres","Centro Privado","Total",199
"Navarra, Comunidad Foral de","Hombres","Centro Privado","Usuario experto",59
"Navarra, Comunidad Foral de","Hombres","Centro Privado","Usuario de nivel avanzado",116
"Navarra, Comunidad Foral de","Hombres","Centro Privado","Usuario de nivel básico",21
"Navarra, Comunidad Foral de","Hombres","Centro Privado","No usuario de las TIC",3
"Navarra, Comunidad Foral de","Hombres","Centro Privado","No consta",0
"Navarra, Comunidad Foral de","Mujeres","Total","Total",628
"Navarra, Comunidad Foral de","Mujeres","Total","Usuario experto",87
"Navarra, Comunidad Foral de","Mujeres","Total","Usuario de nivel avanzado",378
"Navarra, Comunidad Foral de","Mujeres","Total","Usuario de nivel básico",163
"Navarra, Comunidad Foral de","Mujeres","Total","No usuario de las TIC",0
"Navarra, Comunidad Foral de","Mujeres","Total","No consta",0
"Navarra, Comunidad Foral de","Mujeres","Centro Público","Total",477
"Navarra, Comunidad Foral de","Mujeres","Centro Público","Usuario experto",57
"Navarra, Comunidad Foral de","Mujeres","Centro Público","Usuario de nivel avanzado",278
"Navarra, Comunidad Foral de","Mujeres","Centro Público","Usuario de nivel básico",143
"Navarra, Comunidad Foral de","Mujeres","Centro Público","No usuario de las TIC",0
"Navarra, Comunidad Foral de","Mujeres","Centro Público","No consta",0
"Navarra, Comunidad Foral de","Mujeres","Centro Privado","Total",151
"Navarra, Comunidad Foral de","Mujeres","Centro Privado","Usuario experto",30
"Navarra, Comunidad Foral de","Mujeres","Centro Privado","Usuario de nivel avanzado",100
"Navarra, Comunidad Foral de","Mujeres","Centro Privado","Usuario de nivel básico",21
"Navarra, Comunidad Foral de","Mujeres","Centro Privado","No usuario de las TIC",0
"Navarra, Comunidad Foral de","Mujeres","Centro Privado","No consta",0
"País Vasco","Ambos sexos","Total","Total",6995
"País Vasco","Ambos sexos","Total","Usuario experto",1305
"País Vasco","Ambos sexos","Total","Usuario de nivel avanzado",4259
"País Vasco","Ambos sexos","Total","Usuario de nivel básico",1349
"País Vasco","Ambos sexos","Total","No usuario de las TIC",44
"País Vasco","Ambos sexos","Total","No consta",38
"País Vasco","Ambos sexos","Centro Público","Total",3630
"País Vasco","Ambos sexos","Centro Público","Usuario experto",707
"País Vasco","Ambos sexos","Centro Público","Usuario de nivel avanzado",2014
"País Vasco","Ambos sexos","Centro Público","Usuario de nivel básico",859
"País Vasco","Ambos sexos","Centro Público","No usuario de las TIC",12
"País Vasco","Ambos sexos","Centro Público","No consta",38
"País Vasco","Ambos sexos","Centro Privado","Total",3365
"País Vasco","Ambos sexos","Centro Privado","Usuario experto",598
"País Vasco","Ambos sexos","Centro Privado","Usuario de nivel avanzado",2245
"País Vasco","Ambos sexos","Centro Privado","Usuario de nivel básico",489
"País Vasco","Ambos sexos","Centro Privado","No usuario de las TIC",32
"País Vasco","Ambos sexos","Centro Privado","No consta",0
"País Vasco","Hombres","Total","Total",4087
"País Vasco","Hombres","Total","Usuario experto",1001
"País Vasco","Hombres","Total","Usuario de nivel avanzado",2301
"País Vasco","Hombres","Total","Usuario de nivel básico",708
"País Vasco","Hombres","Total","No usuario de las TIC",44
"País Vasco","Hombres","Total","No consta",33
"País Vasco","Hombres","Centro Público","Total",2165
"País Vasco","Hombres","Centro Público","Usuario experto",516
"País Vasco","Hombres","Centro Público","Usuario de nivel avanzado",1110
"País Vasco","Hombres","Centro Público","Usuario de nivel básico",495
"País Vasco","Hombres","Centro Público","No usuario de las TIC",12
"País Vasco","Hombres","Centro Público","No consta",33
"País Vasco","Hombres","Centro Privado","Total",1922
"País Vasco","Hombres","Centro Privado","Usuario experto",485
"País Vasco","Hombres","Centro Privado","Usuario de nivel avanzado",1191
"País Vasco","Hombres","Centro Privado","Usuario de nivel básico",213
"País Vasco","Hombres","Centro Privado","No usuario de las TIC",32
"País Vasco","Hombres","Centro Privado","No consta",0
"País Vasco","Mujeres","Total","Total",2908
"País Vasco","Mujeres","Total","Usuario experto",304
"País Vasco","Mujeres","Total","Usuario de nivel avanzado",1958
"País Vasco","Mujeres","Total","Usuario de nivel básico",640
"País Vasco","Mujeres","Total","No usuario de las TIC",0
"País Vasco","Mujeres","Total","No consta",5
"País Vasco","Mujeres","Centro Público","Total",1465
"País Vasco","Mujeres","Centro Público","Usuario experto",191
"País Vasco","Mujeres","Centro Público","Usuario de nivel avanzado",904
"País Vasco","Mujeres","Centro Público","Usuario de nivel básico",364
"País Vasco","Mujeres","Centro Público","No usuario de las TIC",0
"País Vasco","Mujeres","Centro Público","No consta",5
"País Vasco","Mujeres","Centro Privado","Total",1443
"País Vasco","Mujeres","Centro Privado","Usuario experto",113
"País Vasco","Mujeres","Centro Privado","Usuario de nivel avanzado",1054
"País Vasco","Mujeres","Centro Privado","Usuario de nivel básico",276
"País Vasco","Mujeres","Centro Privado","No usuario de las TIC",0
"País Vasco","Mujeres","Centro Privado","No consta",0
"Rioja, La","Ambos sexos","Total","Total",761
"Rioja, La","Ambos sexos","Total","Usuario experto",182
"Rioja, La","Ambos sexos","Total","Usuario de nivel avanzado",496
"Rioja, La","Ambos sexos","Total","Usuario de nivel básico",80
"Rioja, La","Ambos sexos","Total","No usuario de las TIC",3
"Rioja, La","Ambos sexos","Total","No consta",0
"Rioja, La","Ambos sexos","Centro Público","Total",657
"Rioja, La","Ambos sexos","Centro Público","Usuario experto",170
"Rioja, La","Ambos sexos","Centro Público","Usuario de nivel avanzado",422
"Rioja, La","Ambos sexos","Centro Público","Usuario de nivel básico",62
"Rioja, La","Ambos sexos","Centro Público","No usuario de las TIC",3
"Rioja, La","Ambos sexos","Centro Público","No consta",0
"Rioja, La","Ambos sexos","Centro Privado","Total",104
"Rioja, La","Ambos sexos","Centro Privado","Usuario experto",12
"Rioja, La","Ambos sexos","Centro Privado","Usuario de nivel avanzado",74
"Rioja, La","Ambos sexos","Centro Privado","Usuario de nivel básico",18
"Rioja, La","Ambos sexos","Centro Privado","No usuario de las TIC",0
"Rioja, La","Ambos sexos","Centro Privado","No consta",0
"Rioja, La","Hombres","Total","Total",365
"Rioja, La","Hombres","Total","Usuario experto",128
"Rioja, La","Hombres","Total","Usuario de nivel avanzado",209
"Rioja, La","Hombres","Total","Usuario de nivel básico",25
"Rioja, La","Hombres","Total","No usuario de las TIC",3
"Rioja, La","Hombres","Total","No consta",0
"Rioja, La","Hombres","Centro Público","Total",329
"Rioja, La","Hombres","Centro Público","Usuario experto",126
"Rioja, La","Hombres","Centro Público","Usuario de nivel avanzado",180
"Rioja, La","Hombres","Centro Público","Usuario de nivel básico",20
"Rioja, La","Hombres","Centro Público","No usuario de las TIC",3
"Rioja, La","Hombres","Centro Público","No consta",0
"Rioja, La","Hombres","Centro Privado","Total",36
"Rioja, La","Hombres","Centro Privado","Usuario experto",1
"Rioja, La","Hombres","Centro Privado","Usuario de nivel avanzado",29
"Rioja, La","Hombres","Centro Privado","Usuario de nivel básico",5
"Rioja, La","Hombres","Centro Privado","No usuario de las TIC",0
"Rioja, La","Hombres","Centro Privado","No consta",0
"Rioja, La","Mujeres","Total","Total",396
"Rioja, La","Mujeres","Total","Usuario experto",54
"Rioja, La","Mujeres","Total","Usuario de nivel avanzado",287
"Rioja, La","Mujeres","Total","Usuario de nivel básico",55
"Rioja, La","Mujeres","Total","No usuario de las TIC",0
"Rioja, La","Mujeres","Total","No consta",0
"Rioja, La","Mujeres","Centro Público","Total",328
"Rioja, La","Mujeres","Centro Público","Usuario experto",44
"Rioja, La","Mujeres","Centro Público","Usuario de nivel avanzado",242
"Rioja, La","Mujeres","Centro Público","Usuario de nivel básico",42
"Rioja, La","Mujeres","Centro Público","No usuario de las TIC",0
"Rioja, La","Mujeres","Centro Público","No consta",0
"Rioja, La","Mujeres","Centro Privado","Total",68
"Rioja, La","Mujeres","Centro Privado","Usuario experto",10
"Rioja, La","Mujeres","Centro Privado","Usuario de nivel avanzado",45
"Rioja, La","Mujeres","Centro Privado","Usuario de nivel básico",13
"Rioja, La","Mujeres","Centro Privado","No usuario de las TIC",0
"Rioja, La","Mujeres","Centro Privado","No consta",0
"Ceuta","Ambos sexos","Total","Total",218
"Ceuta","Ambos sexos","Total","Usuario experto",34
"Ceuta","Ambos sexos","Total","Usuario de nivel avanzado",133
"Ceuta","Ambos sexos","Total","Usuario de nivel básico",51
"Ceuta","Ambos sexos","Total","No usuario de las TIC",0
"Ceuta","Ambos sexos","Total","No consta",0
"Ceuta","Ambos sexos","Centro Público","Total",218
"Ceuta","Ambos sexos","Centro Público","Usuario experto",34
"Ceuta","Ambos sexos","Centro Público","Usuario de nivel avanzado",133
"Ceuta","Ambos sexos","Centro Público","Usuario de nivel básico",51
"Ceuta","Ambos sexos","Centro Público","No usuario de las TIC",0
"Ceuta","Ambos sexos","Centro Público","No consta",0
"Ceuta","Ambos sexos","Centro Privado","Total",0
"Ceuta","Ambos sexos","Centro Privado","Usuario experto",0
"Ceuta","Ambos sexos","Centro Privado","Usuario de nivel avanzado",0
"Ceuta","Ambos sexos","Centro Privado","Usuario de nivel básico",0
"Ceuta","Ambos sexos","Centro Privado","No usuario de las TIC",0
"Ceuta","Ambos sexos","Centro Privado","No consta",0
"Ceuta","Hombres","Total","Total",96
"Ceuta","Hombres","Total","Usuario experto",27
"Ceuta","Hombres","Total","Usuario de nivel avanzado",48
"Ceuta","Hombres","Total","Usuario de nivel básico",21
"Ceuta","Hombres","Total","No usuario de las TIC",0
"Ceuta","Hombres","Total","No consta",0
"Ceuta","Hombres","Centro Público","Total",96
"Ceuta","Hombres","Centro Público","Usuario experto",27
"Ceuta","Hombres","Centro Público","Usuario de nivel avanzado",48
"Ceuta","Hombres","Centro Público","Usuario de nivel básico",21
"Ceuta","Hombres","Centro Público","No usuario de las TIC",0
"Ceuta","Hombres","Centro Público","No consta",0
"Ceuta","Hombres","Centro Privado","Total",0
"Ceuta","Hombres","Centro Privado","Usuario experto",0
"Ceuta","Hombres","Centro Privado","Usuario de nivel avanzado",0
"Ceuta","Hombres","Centro Privado","Usuario de nivel básico",0
"Ceuta","Hombres","Centro Privado","No usuario de las TIC",0
"Ceuta","Hombres","Centro Privado","No consta",0
"Ceuta","Mujeres","Total","Total",122
"Ceuta","Mujeres","Total","Usuario experto",7
"Ceuta","Mujeres","Total","Usuario de nivel avanzado",85
"Ceuta","Mujeres","Total","Usuario de nivel básico",30
"Ceuta","Mujeres","Total","No usuario de las TIC",0
"Ceuta","Mujeres","Total","No consta",0
"Ceuta","Mujeres","Centro Público","Total",122
"Ceuta","Mujeres","Centro Público","Usuario experto",7
"Ceuta","Mujeres","Centro Público","Usuario de nivel avanzado",85
"Ceuta","Mujeres","Centro Público","Usuario de nivel básico",30
"Ceuta","Mujeres","Centro Público","No usuario de las TIC",0
"Ceuta","Mujeres","Centro Público","No consta",0
"Ceuta","Mujeres","Centro Privado","Total",0
"Ceuta","Mujeres","Centro Privado","Usuario experto",0
"Ceuta","Mujeres","Centro Privado","Usuario de nivel avanzado",0
"Ceuta","Mujeres","Centro Privado","Usuario de nivel básico",0
"Ceuta","Mujeres","Centro Privado","No usuario de las TIC",0
"Ceuta","Mujeres","Centro Privado","No consta",0
"Melilla","Ambos sexos","Total","Total",175
"Melilla","Ambos sexos","Total","Usuario experto",39
"Melilla","Ambos sexos","Total","Usuario de nivel avanzado",102
"Melilla","Ambos sexos","Total","Usuario de nivel básico",29
"Melilla","Ambos sexos","Total","No usuario de las TIC",5
"Melilla","Ambos sexos","Total","No consta",0
"Melilla","Ambos sexos","Centro Público","Total",175
"Melilla","Ambos sexos","Centro Público","Usuario experto",39
"Melilla","Ambos sexos","Centro Público","Usuario de nivel avanzado",102
"Melilla","Ambos sexos","Centro Público","Usuario de nivel básico",29
"Melilla","Ambos sexos","Centro Público","No usuario de las TIC",5
"Melilla","Ambos sexos","Centro Público","No consta",0
"Melilla","Ambos sexos","Centro Privado","Total",0
"Melilla","Ambos sexos","Centro Privado","Usuario experto",0
"Melilla","Ambos sexos","Centro Privado","Usuario de nivel avanzado",0
"Melilla","Ambos sexos","Centro Privado","Usuario de nivel básico",0
"Melilla","Ambos sexos","Centro Privado","No usuario de las TIC",0
"Melilla","Ambos sexos","Centro Privado","No consta",0
"Melilla","Hombres","Total","Total",63
"Melilla","Hombres","Total","Usuario experto",25
"Melilla","Hombres","Total","Usuario de nivel avanzado",30
"Melilla","Hombres","Total","Usuario de nivel básico",7
"Melilla","Hombres","Total","No usuario de las TIC",0
"Melilla","Hombres","Total","No consta",0
"Melilla","Hombres","Centro Público","Total",63
"Melilla","Hombres","Centro Público","Usuario experto",25
"Melilla","Hombres","Centro Público","Usuario de nivel avanzado",30
"Melilla","Hombres","Centro Público","Usuario de nivel básico",7
"Melilla","Hombres","Centro Público","No usuario de las TIC",0
"Melilla","Hombres","Centro Público","No consta",0
"Melilla","Hombres","Centro Privado","Total",0
"Melilla","Hombres","Centro Privado","Usuario experto",0
"Melilla","Hombres","Centro Privado","Usuario de nivel avanzado",0
"Melilla","Hombres","Centro Privado","Usuario de nivel básico",0
"Melilla","Hombres","Centro Privado","No usuario de las TIC",0
"Melilla","Hombres","Centro Privado","No consta",0
"Melilla","Mujeres","Total","Total",112
"Melilla","Mujeres","Total","Usuario experto",13
"Melilla","Mujeres","Total","Usuario de nivel avanzado",72
"Melilla","Mujeres","Total","Usuario de nivel básico",22
"Melilla","Mujeres","Total","No usuario de las TIC",5
"Melilla","Mujeres","Total","No consta",0
"Melilla","Mujeres","Centro Público","Total",112
"Melilla","Mujeres","Centro Público","Usuario experto",13
"Melilla","Mujeres","Centro Público","Usuario de nivel avanzado",72
"Melilla","Mujeres","Centro Público","Usuario de nivel básico",22
"Melilla","Mujeres","Centro Público","No usuario de las TIC",5
"Melilla","Mujeres","Centro Público","No consta",0
"Melilla","Mujeres","Centro Privado","Total",0
"Melilla","Mujeres","Centro Privado","Usuario experto",0
"Melilla","Mujeres","Centro Privado","Usuario de nivel avanzado",0
"Melilla","Mujeres","Centro Privado","Usuario de nivel básico",0
"Melilla","Mujeres","Centro Privado","No usuario de las TIC",0
"Melilla","Mujeres","Centro Privado","No consta",0
